timestamp, name, utilization.gpu [%], temperature.gpu, memory.used [MiB], memory.free [MiB]
2025/02/26 11:48:21.874, NVIDIA GeForce RTX 4090, 0 %, 40, 31 MiB, 24180 MiB
2025/02/26 11:48:21.874, NVIDIA GeForce RTX 4090, 0 %, 42, 12 MiB, 24199 MiB
2025/02/26 11:48:26.875, NVIDIA GeForce RTX 4090, 0 %, 41, 1229 MiB, 22982 MiB
2025/02/26 11:48:26.876, NVIDIA GeForce RTX 4090, 0 %, 44, 1022 MiB, 23189 MiB
2025/02/26 11:48:31.877, NVIDIA GeForce RTX 4090, 99 %, 49, 15599 MiB, 8612 MiB
2025/02/26 11:48:31.878, NVIDIA GeForce RTX 4090, 99 %, 55, 15368 MiB, 8843 MiB
2025/02/26 11:48:36.879, NVIDIA GeForce RTX 4090, 100 %, 51, 15599 MiB, 8612 MiB
2025/02/26 11:48:36.879, NVIDIA GeForce RTX 4090, 100 %, 57, 15368 MiB, 8843 MiB
2025/02/26 11:48:41.881, NVIDIA GeForce RTX 4090, 100 %, 53, 15599 MiB, 8612 MiB
2025/02/26 11:48:41.882, NVIDIA GeForce RTX 4090, 100 %, 58, 15368 MiB, 8843 MiB
2025/02/26 11:48:46.884, NVIDIA GeForce RTX 4090, 99 %, 54, 15599 MiB, 8612 MiB
2025/02/26 11:48:46.884, NVIDIA GeForce RTX 4090, 99 %, 59, 15368 MiB, 8843 MiB
2025/02/26 11:48:51.886, NVIDIA GeForce RTX 4090, 98 %, 55, 15599 MiB, 8612 MiB
2025/02/26 11:48:51.886, NVIDIA GeForce RTX 4090, 98 %, 59, 15368 MiB, 8843 MiB
2025/02/26 11:48:56.888, NVIDIA GeForce RTX 4090, 98 %, 54, 15599 MiB, 8612 MiB
2025/02/26 11:48:56.889, NVIDIA GeForce RTX 4090, 98 %, 58, 15368 MiB, 8843 MiB
2025/02/26 11:49:01.890, NVIDIA GeForce RTX 4090, 98 %, 55, 15599 MiB, 8612 MiB
2025/02/26 11:49:01.891, NVIDIA GeForce RTX 4090, 98 %, 57, 15368 MiB, 8843 MiB
2025/02/26 11:49:06.892, NVIDIA GeForce RTX 4090, 98 %, 56, 15599 MiB, 8612 MiB
2025/02/26 11:49:06.893, NVIDIA GeForce RTX 4090, 98 %, 57, 15368 MiB, 8843 MiB
2025/02/26 11:49:11.894, NVIDIA GeForce RTX 4090, 98 %, 56, 15599 MiB, 8612 MiB
2025/02/26 11:49:11.894, NVIDIA GeForce RTX 4090, 98 %, 58, 15368 MiB, 8843 MiB
2025/02/26 11:49:16.896, NVIDIA GeForce RTX 4090, 99 %, 58, 15599 MiB, 8612 MiB
2025/02/26 11:49:16.896, NVIDIA GeForce RTX 4090, 99 %, 58, 15368 MiB, 8843 MiB
2025/02/26 11:49:21.897, NVIDIA GeForce RTX 4090, 99 %, 59, 15599 MiB, 8612 MiB
2025/02/26 11:49:21.898, NVIDIA GeForce RTX 4090, 99 %, 59, 15368 MiB, 8843 MiB
2025/02/26 11:49:26.899, NVIDIA GeForce RTX 4090, 98 %, 60, 15599 MiB, 8612 MiB
2025/02/26 11:49:26.900, NVIDIA GeForce RTX 4090, 99 %, 59, 15368 MiB, 8843 MiB
2025/02/26 11:49:31.902, NVIDIA GeForce RTX 4090, 100 %, 60, 15599 MiB, 8612 MiB
2025/02/26 11:49:31.902, NVIDIA GeForce RTX 4090, 99 %, 58, 15368 MiB, 8843 MiB
2025/02/26 11:49:36.904, NVIDIA GeForce RTX 4090, 100 %, 60, 15599 MiB, 8612 MiB
2025/02/26 11:49:36.904, NVIDIA GeForce RTX 4090, 100 %, 58, 15368 MiB, 8843 MiB
2025/02/26 11:49:41.906, NVIDIA GeForce RTX 4090, 100 %, 61, 15599 MiB, 8612 MiB
2025/02/26 11:49:41.906, NVIDIA GeForce RTX 4090, 99 %, 58, 15368 MiB, 8843 MiB
2025/02/26 11:49:46.908, NVIDIA GeForce RTX 4090, 99 %, 62, 15599 MiB, 8612 MiB
2025/02/26 11:49:46.908, NVIDIA GeForce RTX 4090, 99 %, 58, 15368 MiB, 8843 MiB
2025/02/26 11:49:51.909, NVIDIA GeForce RTX 4090, 99 %, 63, 15599 MiB, 8612 MiB
2025/02/26 11:49:51.916, NVIDIA GeForce RTX 4090, 99 %, 59, 15368 MiB, 8843 MiB
2025/02/26 11:49:56.918, NVIDIA GeForce RTX 4090, 99 %, 64, 15599 MiB, 8612 MiB
2025/02/26 11:49:56.939, NVIDIA GeForce RTX 4090, 99 %, 59, 15368 MiB, 8843 MiB
2025/02/26 11:50:01.940, NVIDIA GeForce RTX 4090, 99 %, 64, 15599 MiB, 8612 MiB
2025/02/26 11:50:01.946, NVIDIA GeForce RTX 4090, 99 %, 60, 15368 MiB, 8843 MiB
2025/02/26 11:50:06.947, NVIDIA GeForce RTX 4090, 100 %, 63, 15599 MiB, 8612 MiB
2025/02/26 11:50:06.948, NVIDIA GeForce RTX 4090, 100 %, 57, 15368 MiB, 8843 MiB
2025/02/26 11:50:11.950, NVIDIA GeForce RTX 4090, 100 %, 63, 15599 MiB, 8612 MiB
2025/02/26 11:50:11.950, NVIDIA GeForce RTX 4090, 100 %, 58, 15368 MiB, 8843 MiB
2025/02/26 11:50:16.952, NVIDIA GeForce RTX 4090, 100 %, 63, 15599 MiB, 8612 MiB
2025/02/26 11:50:16.952, NVIDIA GeForce RTX 4090, 100 %, 58, 15368 MiB, 8843 MiB
2025/02/26 11:50:21.954, NVIDIA GeForce RTX 4090, 99 %, 64, 15599 MiB, 8612 MiB
2025/02/26 11:50:21.954, NVIDIA GeForce RTX 4090, 99 %, 58, 15368 MiB, 8843 MiB
2025/02/26 11:50:26.956, NVIDIA GeForce RTX 4090, 99 %, 65, 15599 MiB, 8612 MiB
2025/02/26 11:50:26.956, NVIDIA GeForce RTX 4090, 99 %, 59, 15368 MiB, 8843 MiB
2025/02/26 11:50:31.957, NVIDIA GeForce RTX 4090, 99 %, 65, 15599 MiB, 8612 MiB
2025/02/26 11:50:31.958, NVIDIA GeForce RTX 4090, 99 %, 58, 15368 MiB, 8843 MiB
2025/02/26 11:50:36.960, NVIDIA GeForce RTX 4090, 99 %, 64, 15599 MiB, 8612 MiB
2025/02/26 11:50:36.961, NVIDIA GeForce RTX 4090, 99 %, 58, 15368 MiB, 8843 MiB
2025/02/26 11:50:41.962, NVIDIA GeForce RTX 4090, 100 %, 65, 15599 MiB, 8612 MiB
2025/02/26 11:50:41.963, NVIDIA GeForce RTX 4090, 99 %, 58, 15368 MiB, 8843 MiB
2025/02/26 11:50:46.964, NVIDIA GeForce RTX 4090, 99 %, 66, 15599 MiB, 8612 MiB
2025/02/26 11:50:46.965, NVIDIA GeForce RTX 4090, 100 %, 58, 15368 MiB, 8843 MiB
2025/02/26 11:50:51.966, NVIDIA GeForce RTX 4090, 100 %, 66, 15599 MiB, 8612 MiB
2025/02/26 11:50:51.967, NVIDIA GeForce RTX 4090, 100 %, 59, 15368 MiB, 8843 MiB
2025/02/26 11:50:56.968, NVIDIA GeForce RTX 4090, 100 %, 67, 15599 MiB, 8612 MiB
2025/02/26 11:50:56.968, NVIDIA GeForce RTX 4090, 100 %, 59, 15368 MiB, 8843 MiB
2025/02/26 11:51:01.970, NVIDIA GeForce RTX 4090, 100 %, 65, 15599 MiB, 8612 MiB
2025/02/26 11:51:01.971, NVIDIA GeForce RTX 4090, 100 %, 58, 15368 MiB, 8843 MiB
2025/02/26 11:51:06.972, NVIDIA GeForce RTX 4090, 99 %, 65, 15599 MiB, 8612 MiB
2025/02/26 11:51:06.973, NVIDIA GeForce RTX 4090, 100 %, 57, 15368 MiB, 8843 MiB
2025/02/26 11:51:11.974, NVIDIA GeForce RTX 4090, 98 %, 65, 15599 MiB, 8612 MiB
2025/02/26 11:51:11.975, NVIDIA GeForce RTX 4090, 98 %, 57, 15368 MiB, 8843 MiB
2025/02/26 11:51:16.976, NVIDIA GeForce RTX 4090, 98 %, 66, 15599 MiB, 8612 MiB
2025/02/26 11:51:16.977, NVIDIA GeForce RTX 4090, 98 %, 58, 15368 MiB, 8843 MiB
2025/02/26 11:51:21.978, NVIDIA GeForce RTX 4090, 98 %, 67, 15599 MiB, 8612 MiB
2025/02/26 11:51:21.979, NVIDIA GeForce RTX 4090, 98 %, 59, 15368 MiB, 8843 MiB
2025/02/26 11:51:26.980, NVIDIA GeForce RTX 4090, 98 %, 66, 15599 MiB, 8612 MiB
2025/02/26 11:51:26.981, NVIDIA GeForce RTX 4090, 98 %, 58, 15368 MiB, 8843 MiB
2025/02/26 11:51:31.982, NVIDIA GeForce RTX 4090, 99 %, 66, 15599 MiB, 8612 MiB
2025/02/26 11:51:31.983, NVIDIA GeForce RTX 4090, 99 %, 58, 15368 MiB, 8843 MiB
2025/02/26 11:51:36.984, NVIDIA GeForce RTX 4090, 99 %, 66, 15599 MiB, 8612 MiB
2025/02/26 11:51:36.985, NVIDIA GeForce RTX 4090, 99 %, 58, 15368 MiB, 8843 MiB
2025/02/26 11:51:41.986, NVIDIA GeForce RTX 4090, 99 %, 67, 15599 MiB, 8612 MiB
2025/02/26 11:51:41.987, NVIDIA GeForce RTX 4090, 99 %, 58, 15368 MiB, 8843 MiB
2025/02/26 11:51:46.988, NVIDIA GeForce RTX 4090, 100 %, 67, 15599 MiB, 8612 MiB
2025/02/26 11:51:46.989, NVIDIA GeForce RTX 4090, 99 %, 59, 15368 MiB, 8843 MiB
2025/02/26 11:51:51.990, NVIDIA GeForce RTX 4090, 100 %, 68, 15599 MiB, 8612 MiB
2025/02/26 11:51:51.990, NVIDIA GeForce RTX 4090, 99 %, 59, 15368 MiB, 8843 MiB
2025/02/26 11:51:56.992, NVIDIA GeForce RTX 4090, 99 %, 66, 15599 MiB, 8612 MiB
2025/02/26 11:51:56.992, NVIDIA GeForce RTX 4090, 99 %, 57, 15368 MiB, 8843 MiB
2025/02/26 11:52:01.994, NVIDIA GeForce RTX 4090, 99 %, 66, 15599 MiB, 8612 MiB
2025/02/26 11:52:01.994, NVIDIA GeForce RTX 4090, 99 %, 57, 15368 MiB, 8843 MiB
2025/02/26 11:52:06.996, NVIDIA GeForce RTX 4090, 99 %, 66, 15599 MiB, 8612 MiB
2025/02/26 11:52:06.996, NVIDIA GeForce RTX 4090, 99 %, 57, 15368 MiB, 8843 MiB
2025/02/26 11:52:11.998, NVIDIA GeForce RTX 4090, 99 %, 67, 15599 MiB, 8612 MiB
2025/02/26 11:52:11.999, NVIDIA GeForce RTX 4090, 99 %, 58, 15368 MiB, 8843 MiB
2025/02/26 11:52:17.000, NVIDIA GeForce RTX 4090, 100 %, 68, 15599 MiB, 8612 MiB
2025/02/26 11:52:17.000, NVIDIA GeForce RTX 4090, 99 %, 58, 15368 MiB, 8843 MiB
2025/02/26 11:52:22.001, NVIDIA GeForce RTX 4090, 100 %, 67, 15599 MiB, 8612 MiB
2025/02/26 11:52:22.002, NVIDIA GeForce RTX 4090, 100 %, 58, 15368 MiB, 8843 MiB
2025/02/26 11:52:27.003, NVIDIA GeForce RTX 4090, 99 %, 67, 15599 MiB, 8612 MiB
2025/02/26 11:52:27.004, NVIDIA GeForce RTX 4090, 100 %, 58, 15368 MiB, 8843 MiB
2025/02/26 11:52:32.005, NVIDIA GeForce RTX 4090, 100 %, 67, 15599 MiB, 8612 MiB
2025/02/26 11:52:32.006, NVIDIA GeForce RTX 4090, 100 %, 58, 15368 MiB, 8843 MiB
2025/02/26 11:52:37.008, NVIDIA GeForce RTX 4090, 100 %, 67, 15599 MiB, 8612 MiB
2025/02/26 11:52:37.008, NVIDIA GeForce RTX 4090, 100 %, 58, 15368 MiB, 8843 MiB
2025/02/26 11:52:42.010, NVIDIA GeForce RTX 4090, 100 %, 68, 15599 MiB, 8612 MiB
2025/02/26 11:52:42.010, NVIDIA GeForce RTX 4090, 100 %, 59, 15368 MiB, 8843 MiB
2025/02/26 11:52:47.011, NVIDIA GeForce RTX 4090, 98 %, 69, 15599 MiB, 8612 MiB
2025/02/26 11:52:47.012, NVIDIA GeForce RTX 4090, 98 %, 59, 15368 MiB, 8843 MiB
2025/02/26 11:52:52.013, NVIDIA GeForce RTX 4090, 98 %, 66, 15599 MiB, 8612 MiB
2025/02/26 11:52:52.014, NVIDIA GeForce RTX 4090, 98 %, 57, 15368 MiB, 8843 MiB
2025/02/26 11:52:57.015, NVIDIA GeForce RTX 4090, 98 %, 67, 15599 MiB, 8612 MiB
2025/02/26 11:52:57.016, NVIDIA GeForce RTX 4090, 98 %, 57, 15368 MiB, 8843 MiB
2025/02/26 11:53:02.017, NVIDIA GeForce RTX 4090, 98 %, 67, 15599 MiB, 8612 MiB
2025/02/26 11:53:02.018, NVIDIA GeForce RTX 4090, 98 %, 57, 15368 MiB, 8843 MiB
2025/02/26 11:53:07.020, NVIDIA GeForce RTX 4090, 99 %, 68, 15599 MiB, 8612 MiB
2025/02/26 11:53:07.020, NVIDIA GeForce RTX 4090, 99 %, 59, 15368 MiB, 8843 MiB
2025/02/26 11:53:12.022, NVIDIA GeForce RTX 4090, 99 %, 67, 15599 MiB, 8612 MiB
2025/02/26 11:53:12.022, NVIDIA GeForce RTX 4090, 99 %, 57, 15368 MiB, 8843 MiB
2025/02/26 11:53:17.023, NVIDIA GeForce RTX 4090, 100 %, 67, 15599 MiB, 8612 MiB
2025/02/26 11:53:17.024, NVIDIA GeForce RTX 4090, 100 %, 57, 15368 MiB, 8843 MiB
2025/02/26 11:53:22.025, NVIDIA GeForce RTX 4090, 100 %, 67, 15599 MiB, 8612 MiB
2025/02/26 11:53:22.026, NVIDIA GeForce RTX 4090, 100 %, 58, 15368 MiB, 8843 MiB
2025/02/26 11:53:27.028, NVIDIA GeForce RTX 4090, 100 %, 67, 15599 MiB, 8612 MiB
2025/02/26 11:53:27.028, NVIDIA GeForce RTX 4090, 100 %, 58, 15368 MiB, 8843 MiB
2025/02/26 11:53:32.030, NVIDIA GeForce RTX 4090, 100 %, 67, 15599 MiB, 8612 MiB
2025/02/26 11:53:32.030, NVIDIA GeForce RTX 4090, 100 %, 57, 15368 MiB, 8843 MiB
2025/02/26 11:53:37.032, NVIDIA GeForce RTX 4090, 0 %, 60, 15599 MiB, 8612 MiB
2025/02/26 11:53:37.032, NVIDIA GeForce RTX 4090, 0 %, 48, 15368 MiB, 8843 MiB
2025/02/26 11:53:42.033, NVIDIA GeForce RTX 4090, 98 %, 66, 15599 MiB, 8612 MiB
2025/02/26 11:53:42.034, NVIDIA GeForce RTX 4090, 98 %, 56, 15368 MiB, 8843 MiB
2025/02/26 11:53:47.035, NVIDIA GeForce RTX 4090, 98 %, 66, 15599 MiB, 8612 MiB
2025/02/26 11:53:47.036, NVIDIA GeForce RTX 4090, 98 %, 56, 15368 MiB, 8843 MiB
2025/02/26 11:53:52.037, NVIDIA GeForce RTX 4090, 99 %, 67, 15599 MiB, 8612 MiB
2025/02/26 11:53:52.038, NVIDIA GeForce RTX 4090, 99 %, 57, 15368 MiB, 8843 MiB
2025/02/26 11:53:57.039, NVIDIA GeForce RTX 4090, 99 %, 67, 15599 MiB, 8612 MiB
2025/02/26 11:53:57.040, NVIDIA GeForce RTX 4090, 99 %, 57, 15368 MiB, 8843 MiB
2025/02/26 11:54:02.041, NVIDIA GeForce RTX 4090, 100 %, 68, 15599 MiB, 8612 MiB
2025/02/26 11:54:02.042, NVIDIA GeForce RTX 4090, 100 %, 58, 15368 MiB, 8843 MiB
2025/02/26 11:54:07.043, NVIDIA GeForce RTX 4090, 100 %, 67, 15599 MiB, 8612 MiB
2025/02/26 11:54:07.044, NVIDIA GeForce RTX 4090, 100 %, 57, 15368 MiB, 8843 MiB
2025/02/26 11:54:12.045, NVIDIA GeForce RTX 4090, 100 %, 66, 15599 MiB, 8612 MiB
2025/02/26 11:54:12.046, NVIDIA GeForce RTX 4090, 100 %, 57, 15368 MiB, 8843 MiB
2025/02/26 11:54:17.047, NVIDIA GeForce RTX 4090, 98 %, 68, 15599 MiB, 8612 MiB
2025/02/26 11:54:17.051, NVIDIA GeForce RTX 4090, 99 %, 58, 15368 MiB, 8843 MiB
2025/02/26 11:54:22.052, NVIDIA GeForce RTX 4090, 99 %, 67, 15599 MiB, 8612 MiB
2025/02/26 11:54:22.053, NVIDIA GeForce RTX 4090, 99 %, 58, 15368 MiB, 8843 MiB
2025/02/26 11:54:27.057, NVIDIA GeForce RTX 4090, 99 %, 68, 15599 MiB, 8612 MiB
2025/02/26 11:54:27.057, NVIDIA GeForce RTX 4090, 99 %, 58, 15368 MiB, 8843 MiB
2025/02/26 11:54:32.058, NVIDIA GeForce RTX 4090, 99 %, 67, 15599 MiB, 8612 MiB
2025/02/26 11:54:32.059, NVIDIA GeForce RTX 4090, 99 %, 57, 15368 MiB, 8843 MiB
2025/02/26 11:54:37.060, NVIDIA GeForce RTX 4090, 100 %, 65, 15599 MiB, 8612 MiB
2025/02/26 11:54:37.061, NVIDIA GeForce RTX 4090, 99 %, 56, 15368 MiB, 8843 MiB
2025/02/26 11:54:42.062, NVIDIA GeForce RTX 4090, 100 %, 66, 15599 MiB, 8612 MiB
2025/02/26 11:54:42.062, NVIDIA GeForce RTX 4090, 100 %, 57, 15368 MiB, 8843 MiB
2025/02/26 11:54:47.064, NVIDIA GeForce RTX 4090, 100 %, 66, 15599 MiB, 8612 MiB
2025/02/26 11:54:47.064, NVIDIA GeForce RTX 4090, 100 %, 57, 15368 MiB, 8843 MiB
2025/02/26 11:54:52.066, NVIDIA GeForce RTX 4090, 99 %, 67, 15599 MiB, 8612 MiB
2025/02/26 11:54:52.067, NVIDIA GeForce RTX 4090, 99 %, 58, 15368 MiB, 8843 MiB
2025/02/26 11:54:57.068, NVIDIA GeForce RTX 4090, 99 %, 67, 15599 MiB, 8612 MiB
2025/02/26 11:54:57.069, NVIDIA GeForce RTX 4090, 99 %, 58, 15368 MiB, 8843 MiB
2025/02/26 11:55:02.070, NVIDIA GeForce RTX 4090, 99 %, 66, 15599 MiB, 8612 MiB
2025/02/26 11:55:02.070, NVIDIA GeForce RTX 4090, 99 %, 57, 15368 MiB, 8843 MiB
2025/02/26 11:55:07.072, NVIDIA GeForce RTX 4090, 99 %, 66, 15599 MiB, 8612 MiB
2025/02/26 11:55:07.072, NVIDIA GeForce RTX 4090, 99 %, 57, 15368 MiB, 8843 MiB
2025/02/26 11:55:12.074, NVIDIA GeForce RTX 4090, 100 %, 67, 15599 MiB, 8612 MiB
2025/02/26 11:55:12.074, NVIDIA GeForce RTX 4090, 99 %, 58, 15368 MiB, 8843 MiB
2025/02/26 11:55:17.075, NVIDIA GeForce RTX 4090, 100 %, 67, 15599 MiB, 8612 MiB
2025/02/26 11:55:17.076, NVIDIA GeForce RTX 4090, 100 %, 58, 15368 MiB, 8843 MiB
2025/02/26 11:55:22.077, NVIDIA GeForce RTX 4090, 100 %, 67, 15599 MiB, 8612 MiB
2025/02/26 11:55:22.078, NVIDIA GeForce RTX 4090, 100 %, 58, 15368 MiB, 8843 MiB
2025/02/26 11:55:27.079, NVIDIA GeForce RTX 4090, 100 %, 68, 15599 MiB, 8612 MiB
2025/02/26 11:55:27.080, NVIDIA GeForce RTX 4090, 100 %, 59, 15368 MiB, 8843 MiB
2025/02/26 11:55:32.081, NVIDIA GeForce RTX 4090, 100 %, 66, 15599 MiB, 8612 MiB
2025/02/26 11:55:32.082, NVIDIA GeForce RTX 4090, 100 %, 58, 15368 MiB, 8843 MiB
2025/02/26 11:55:37.083, NVIDIA GeForce RTX 4090, 100 %, 66, 15599 MiB, 8612 MiB
2025/02/26 11:55:37.084, NVIDIA GeForce RTX 4090, 100 %, 57, 15368 MiB, 8843 MiB
2025/02/26 11:55:42.085, NVIDIA GeForce RTX 4090, 98 %, 66, 15599 MiB, 8612 MiB
2025/02/26 11:55:42.086, NVIDIA GeForce RTX 4090, 98 %, 57, 15368 MiB, 8843 MiB
2025/02/26 11:55:47.087, NVIDIA GeForce RTX 4090, 98 %, 67, 15599 MiB, 8612 MiB
2025/02/26 11:55:47.087, NVIDIA GeForce RTX 4090, 98 %, 58, 15368 MiB, 8843 MiB
2025/02/26 11:55:52.089, NVIDIA GeForce RTX 4090, 98 %, 68, 15599 MiB, 8612 MiB
2025/02/26 11:55:52.089, NVIDIA GeForce RTX 4090, 98 %, 58, 15368 MiB, 8843 MiB
2025/02/26 11:55:57.090, NVIDIA GeForce RTX 4090, 98 %, 67, 15599 MiB, 8612 MiB
2025/02/26 11:55:57.091, NVIDIA GeForce RTX 4090, 98 %, 58, 15368 MiB, 8843 MiB
2025/02/26 11:56:02.092, NVIDIA GeForce RTX 4090, 98 %, 67, 15599 MiB, 8612 MiB
2025/02/26 11:56:02.093, NVIDIA GeForce RTX 4090, 98 %, 58, 15368 MiB, 8843 MiB
2025/02/26 11:56:07.094, NVIDIA GeForce RTX 4090, 99 %, 66, 15599 MiB, 8612 MiB
2025/02/26 11:56:07.095, NVIDIA GeForce RTX 4090, 99 %, 57, 15368 MiB, 8843 MiB
2025/02/26 11:56:12.097, NVIDIA GeForce RTX 4090, 98 %, 66, 15599 MiB, 8612 MiB
2025/02/26 11:56:12.097, NVIDIA GeForce RTX 4090, 99 %, 57, 15368 MiB, 8843 MiB
2025/02/26 11:56:17.099, NVIDIA GeForce RTX 4090, 99 %, 67, 15599 MiB, 8612 MiB
2025/02/26 11:56:17.099, NVIDIA GeForce RTX 4090, 99 %, 58, 15368 MiB, 8843 MiB
2025/02/26 11:56:22.101, NVIDIA GeForce RTX 4090, 100 %, 67, 15599 MiB, 8612 MiB
2025/02/26 11:56:22.101, NVIDIA GeForce RTX 4090, 99 %, 58, 15368 MiB, 8843 MiB
2025/02/26 11:56:27.102, NVIDIA GeForce RTX 4090, 100 %, 68, 15599 MiB, 8612 MiB
2025/02/26 11:56:27.103, NVIDIA GeForce RTX 4090, 99 %, 59, 15368 MiB, 8843 MiB
2025/02/26 11:56:32.104, NVIDIA GeForce RTX 4090, 99 %, 66, 15599 MiB, 8612 MiB
2025/02/26 11:56:32.105, NVIDIA GeForce RTX 4090, 99 %, 57, 15368 MiB, 8843 MiB
2025/02/26 11:56:37.106, NVIDIA GeForce RTX 4090, 99 %, 66, 15599 MiB, 8612 MiB
2025/02/26 11:56:37.107, NVIDIA GeForce RTX 4090, 99 %, 57, 15368 MiB, 8843 MiB
2025/02/26 11:56:42.108, NVIDIA GeForce RTX 4090, 99 %, 66, 15599 MiB, 8612 MiB
2025/02/26 11:56:42.109, NVIDIA GeForce RTX 4090, 99 %, 57, 15368 MiB, 8843 MiB
2025/02/26 11:56:47.110, NVIDIA GeForce RTX 4090, 99 %, 67, 15599 MiB, 8612 MiB
2025/02/26 11:56:47.111, NVIDIA GeForce RTX 4090, 99 %, 58, 15368 MiB, 8843 MiB
2025/02/26 11:56:52.112, NVIDIA GeForce RTX 4090, 99 %, 68, 15599 MiB, 8612 MiB
2025/02/26 11:56:52.113, NVIDIA GeForce RTX 4090, 99 %, 59, 15368 MiB, 8843 MiB
2025/02/26 11:56:57.114, NVIDIA GeForce RTX 4090, 100 %, 67, 15599 MiB, 8612 MiB
2025/02/26 11:56:57.115, NVIDIA GeForce RTX 4090, 100 %, 58, 15368 MiB, 8843 MiB
2025/02/26 11:57:02.116, NVIDIA GeForce RTX 4090, 100 %, 67, 15599 MiB, 8612 MiB
2025/02/26 11:57:02.117, NVIDIA GeForce RTX 4090, 100 %, 58, 15368 MiB, 8843 MiB
2025/02/26 11:57:07.118, NVIDIA GeForce RTX 4090, 100 %, 66, 15599 MiB, 8612 MiB
2025/02/26 11:57:07.119, NVIDIA GeForce RTX 4090, 100 %, 57, 15368 MiB, 8843 MiB
2025/02/26 11:57:12.120, NVIDIA GeForce RTX 4090, 100 %, 67, 15599 MiB, 8612 MiB
2025/02/26 11:57:12.121, NVIDIA GeForce RTX 4090, 100 %, 58, 15368 MiB, 8843 MiB
2025/02/26 11:57:17.122, NVIDIA GeForce RTX 4090, 100 %, 68, 15599 MiB, 8612 MiB
2025/02/26 11:57:17.123, NVIDIA GeForce RTX 4090, 99 %, 59, 15368 MiB, 8843 MiB
2025/02/26 11:57:22.124, NVIDIA GeForce RTX 4090, 98 %, 68, 15599 MiB, 8612 MiB
2025/02/26 11:57:22.124, NVIDIA GeForce RTX 4090, 99 %, 59, 15368 MiB, 8843 MiB
2025/02/26 11:57:27.126, NVIDIA GeForce RTX 4090, 98 %, 67, 15599 MiB, 8612 MiB
2025/02/26 11:57:27.127, NVIDIA GeForce RTX 4090, 98 %, 58, 15368 MiB, 8843 MiB
2025/02/26 11:57:32.128, NVIDIA GeForce RTX 4090, 98 %, 66, 15599 MiB, 8612 MiB
2025/02/26 11:57:32.128, NVIDIA GeForce RTX 4090, 98 %, 57, 15368 MiB, 8843 MiB
2025/02/26 11:57:37.130, NVIDIA GeForce RTX 4090, 98 %, 66, 15599 MiB, 8612 MiB
2025/02/26 11:57:37.130, NVIDIA GeForce RTX 4090, 98 %, 57, 15368 MiB, 8843 MiB
2025/02/26 11:57:42.132, NVIDIA GeForce RTX 4090, 99 %, 67, 15599 MiB, 8612 MiB
2025/02/26 11:57:42.132, NVIDIA GeForce RTX 4090, 98 %, 58, 15368 MiB, 8843 MiB
2025/02/26 11:57:47.134, NVIDIA GeForce RTX 4090, 98 %, 68, 15599 MiB, 8612 MiB
2025/02/26 11:57:47.134, NVIDIA GeForce RTX 4090, 99 %, 59, 15368 MiB, 8843 MiB
2025/02/26 11:57:52.136, NVIDIA GeForce RTX 4090, 99 %, 67, 15599 MiB, 8612 MiB
2025/02/26 11:57:52.136, NVIDIA GeForce RTX 4090, 99 %, 58, 15368 MiB, 8843 MiB
2025/02/26 11:57:57.138, NVIDIA GeForce RTX 4090, 100 %, 67, 15599 MiB, 8612 MiB
2025/02/26 11:57:57.139, NVIDIA GeForce RTX 4090, 99 %, 57, 15368 MiB, 8843 MiB
2025/02/26 11:58:02.140, NVIDIA GeForce RTX 4090, 100 %, 67, 15599 MiB, 8612 MiB
2025/02/26 11:58:02.140, NVIDIA GeForce RTX 4090, 99 %, 57, 15368 MiB, 8843 MiB
2025/02/26 11:58:07.141, NVIDIA GeForce RTX 4090, 99 %, 67, 15599 MiB, 8612 MiB
2025/02/26 11:58:07.142, NVIDIA GeForce RTX 4090, 99 %, 58, 15368 MiB, 8843 MiB
2025/02/26 11:58:12.144, NVIDIA GeForce RTX 4090, 99 %, 68, 15599 MiB, 8612 MiB
2025/02/26 11:58:12.145, NVIDIA GeForce RTX 4090, 99 %, 58, 15368 MiB, 8843 MiB
2025/02/26 11:58:17.146, NVIDIA GeForce RTX 4090, 99 %, 69, 15599 MiB, 8612 MiB
2025/02/26 11:58:17.146, NVIDIA GeForce RTX 4090, 99 %, 59, 15368 MiB, 8843 MiB
2025/02/26 11:58:22.147, NVIDIA GeForce RTX 4090, 99 %, 66, 15599 MiB, 8612 MiB
2025/02/26 11:58:22.148, NVIDIA GeForce RTX 4090, 99 %, 57, 15368 MiB, 8843 MiB
2025/02/26 11:58:27.149, NVIDIA GeForce RTX 4090, 99 %, 67, 15599 MiB, 8612 MiB
2025/02/26 11:58:27.150, NVIDIA GeForce RTX 4090, 99 %, 57, 15368 MiB, 8843 MiB
2025/02/26 11:58:32.151, NVIDIA GeForce RTX 4090, 100 %, 67, 15599 MiB, 8612 MiB
2025/02/26 11:58:32.152, NVIDIA GeForce RTX 4090, 100 %, 57, 15368 MiB, 8843 MiB
2025/02/26 11:58:37.153, NVIDIA GeForce RTX 4090, 100 %, 67, 15599 MiB, 8612 MiB
2025/02/26 11:58:37.154, NVIDIA GeForce RTX 4090, 100 %, 57, 15368 MiB, 8843 MiB
2025/02/26 11:58:42.156, NVIDIA GeForce RTX 4090, 100 %, 67, 15599 MiB, 8612 MiB
2025/02/26 11:58:42.156, NVIDIA GeForce RTX 4090, 100 %, 57, 15368 MiB, 8843 MiB
2025/02/26 11:58:47.157, NVIDIA GeForce RTX 4090, 0 %, 59, 15599 MiB, 8612 MiB
2025/02/26 11:58:47.158, NVIDIA GeForce RTX 4090, 100 %, 47, 15368 MiB, 8843 MiB
2025/02/26 11:58:52.159, NVIDIA GeForce RTX 4090, 100 %, 66, 15599 MiB, 8612 MiB
2025/02/26 11:58:52.163, NVIDIA GeForce RTX 4090, 98 %, 57, 15368 MiB, 8843 MiB
2025/02/26 11:58:57.164, NVIDIA GeForce RTX 4090, 100 %, 66, 15599 MiB, 8612 MiB
2025/02/26 11:58:57.164, NVIDIA GeForce RTX 4090, 99 %, 56, 15368 MiB, 8843 MiB
2025/02/26 11:59:02.166, NVIDIA GeForce RTX 4090, 100 %, 66, 15599 MiB, 8612 MiB
2025/02/26 11:59:02.166, NVIDIA GeForce RTX 4090, 100 %, 57, 15368 MiB, 8843 MiB
2025/02/26 11:59:07.170, NVIDIA GeForce RTX 4090, 99 %, 67, 15599 MiB, 8612 MiB
2025/02/26 11:59:07.170, NVIDIA GeForce RTX 4090, 99 %, 57, 15368 MiB, 8843 MiB
2025/02/26 11:59:12.172, NVIDIA GeForce RTX 4090, 98 %, 67, 15599 MiB, 8612 MiB
2025/02/26 11:59:12.173, NVIDIA GeForce RTX 4090, 98 %, 58, 15368 MiB, 8843 MiB
2025/02/26 11:59:17.174, NVIDIA GeForce RTX 4090, 98 %, 67, 15599 MiB, 8612 MiB
2025/02/26 11:59:17.175, NVIDIA GeForce RTX 4090, 98 %, 57, 15368 MiB, 8843 MiB
2025/02/26 11:59:22.176, NVIDIA GeForce RTX 4090, 98 %, 67, 15599 MiB, 8612 MiB
2025/02/26 11:59:22.176, NVIDIA GeForce RTX 4090, 98 %, 57, 15368 MiB, 8843 MiB
2025/02/26 11:59:27.177, NVIDIA GeForce RTX 4090, 98 %, 67, 15599 MiB, 8612 MiB
2025/02/26 11:59:27.178, NVIDIA GeForce RTX 4090, 98 %, 57, 15368 MiB, 8843 MiB
2025/02/26 11:59:32.180, NVIDIA GeForce RTX 4090, 99 %, 67, 15599 MiB, 8612 MiB
2025/02/26 11:59:32.180, NVIDIA GeForce RTX 4090, 99 %, 58, 15368 MiB, 8843 MiB
2025/02/26 11:59:37.181, NVIDIA GeForce RTX 4090, 99 %, 68, 15599 MiB, 8612 MiB
2025/02/26 11:59:37.182, NVIDIA GeForce RTX 4090, 99 %, 58, 15368 MiB, 8843 MiB
2025/02/26 11:59:42.183, NVIDIA GeForce RTX 4090, 100 %, 68, 15599 MiB, 8612 MiB
2025/02/26 11:59:42.184, NVIDIA GeForce RTX 4090, 99 %, 58, 15368 MiB, 8843 MiB
2025/02/26 11:59:47.185, NVIDIA GeForce RTX 4090, 100 %, 65, 15599 MiB, 8612 MiB
2025/02/26 11:59:47.186, NVIDIA GeForce RTX 4090, 99 %, 56, 15368 MiB, 8843 MiB
2025/02/26 11:59:52.187, NVIDIA GeForce RTX 4090, 100 %, 66, 15599 MiB, 8612 MiB
2025/02/26 11:59:52.188, NVIDIA GeForce RTX 4090, 99 %, 57, 15368 MiB, 8843 MiB
2025/02/26 11:59:57.189, NVIDIA GeForce RTX 4090, 99 %, 66, 15599 MiB, 8612 MiB
2025/02/26 11:59:57.190, NVIDIA GeForce RTX 4090, 99 %, 57, 15368 MiB, 8843 MiB
2025/02/26 12:00:02.191, NVIDIA GeForce RTX 4090, 99 %, 67, 15599 MiB, 8612 MiB
2025/02/26 12:00:02.192, NVIDIA GeForce RTX 4090, 99 %, 58, 15368 MiB, 8843 MiB
2025/02/26 12:00:07.193, NVIDIA GeForce RTX 4090, 99 %, 67, 15599 MiB, 8612 MiB
2025/02/26 12:00:07.194, NVIDIA GeForce RTX 4090, 99 %, 58, 15368 MiB, 8843 MiB
2025/02/26 12:00:12.195, NVIDIA GeForce RTX 4090, 99 %, 66, 15599 MiB, 8612 MiB
2025/02/26 12:00:12.196, NVIDIA GeForce RTX 4090, 99 %, 57, 15368 MiB, 8843 MiB
2025/02/26 12:00:17.202, NVIDIA GeForce RTX 4090, 100 %, 66, 15599 MiB, 8612 MiB
2025/02/26 12:00:17.203, NVIDIA GeForce RTX 4090, 99 %, 57, 15368 MiB, 8843 MiB
2025/02/26 12:00:22.209, NVIDIA GeForce RTX 4090, 100 %, 66, 15599 MiB, 8612 MiB
2025/02/26 12:00:22.210, NVIDIA GeForce RTX 4090, 100 %, 57, 15368 MiB, 8843 MiB
2025/02/26 12:00:27.217, NVIDIA GeForce RTX 4090, 100 %, 67, 15599 MiB, 8612 MiB
2025/02/26 12:00:27.217, NVIDIA GeForce RTX 4090, 100 %, 58, 15368 MiB, 8843 MiB
2025/02/26 12:00:32.224, NVIDIA GeForce RTX 4090, 100 %, 67, 15599 MiB, 8612 MiB
2025/02/26 12:00:32.224, NVIDIA GeForce RTX 4090, 99 %, 58, 15368 MiB, 8843 MiB
2025/02/26 12:00:37.226, NVIDIA GeForce RTX 4090, 100 %, 68, 15599 MiB, 8612 MiB
2025/02/26 12:00:37.226, NVIDIA GeForce RTX 4090, 100 %, 59, 15368 MiB, 8843 MiB
2025/02/26 12:00:42.233, NVIDIA GeForce RTX 4090, 98 %, 68, 15599 MiB, 8612 MiB
2025/02/26 12:00:42.234, NVIDIA GeForce RTX 4090, 100 %, 59, 15368 MiB, 8843 MiB
2025/02/26 12:00:47.240, NVIDIA GeForce RTX 4090, 98 %, 66, 15599 MiB, 8612 MiB
2025/02/26 12:00:47.240, NVIDIA GeForce RTX 4090, 98 %, 57, 15368 MiB, 8843 MiB
2025/02/26 12:00:52.246, NVIDIA GeForce RTX 4090, 98 %, 66, 15599 MiB, 8612 MiB
2025/02/26 12:00:52.248, NVIDIA GeForce RTX 4090, 98 %, 57, 15368 MiB, 8843 MiB
2025/02/26 12:00:57.249, NVIDIA GeForce RTX 4090, 98 %, 66, 15599 MiB, 8612 MiB
2025/02/26 12:00:57.250, NVIDIA GeForce RTX 4090, 98 %, 57, 15368 MiB, 8843 MiB
2025/02/26 12:01:02.256, NVIDIA GeForce RTX 4090, 99 %, 66, 15599 MiB, 8612 MiB
2025/02/26 12:01:02.257, NVIDIA GeForce RTX 4090, 98 %, 58, 15368 MiB, 8843 MiB
2025/02/26 12:01:07.263, NVIDIA GeForce RTX 4090, 98 %, 67, 15599 MiB, 8612 MiB
2025/02/26 12:01:07.264, NVIDIA GeForce RTX 4090, 99 %, 59, 15368 MiB, 8843 MiB
2025/02/26 12:01:12.270, NVIDIA GeForce RTX 4090, 99 %, 66, 15599 MiB, 8612 MiB
2025/02/26 12:01:12.271, NVIDIA GeForce RTX 4090, 99 %, 57, 15368 MiB, 8843 MiB
2025/02/26 12:01:17.277, NVIDIA GeForce RTX 4090, 100 %, 66, 15599 MiB, 8612 MiB
2025/02/26 12:01:17.278, NVIDIA GeForce RTX 4090, 99 %, 57, 15368 MiB, 8843 MiB
2025/02/26 12:01:22.285, NVIDIA GeForce RTX 4090, 100 %, 66, 15599 MiB, 8612 MiB
2025/02/26 12:01:22.285, NVIDIA GeForce RTX 4090, 100 %, 57, 15368 MiB, 8843 MiB
2025/02/26 12:01:27.292, NVIDIA GeForce RTX 4090, 99 %, 67, 15599 MiB, 8612 MiB
2025/02/26 12:01:27.292, NVIDIA GeForce RTX 4090, 100 %, 58, 15368 MiB, 8843 MiB
2025/02/26 12:01:32.293, NVIDIA GeForce RTX 4090, 99 %, 67, 15599 MiB, 8612 MiB
2025/02/26 12:01:32.294, NVIDIA GeForce RTX 4090, 99 %, 58, 15368 MiB, 8843 MiB
2025/02/26 12:01:37.300, NVIDIA GeForce RTX 4090, 99 %, 68, 15599 MiB, 8612 MiB
2025/02/26 12:01:37.301, NVIDIA GeForce RTX 4090, 99 %, 59, 15368 MiB, 8843 MiB
2025/02/26 12:01:42.307, NVIDIA GeForce RTX 4090, 99 %, 66, 15599 MiB, 8612 MiB
2025/02/26 12:01:42.308, NVIDIA GeForce RTX 4090, 99 %, 57, 15368 MiB, 8843 MiB
2025/02/26 12:01:47.314, NVIDIA GeForce RTX 4090, 100 %, 66, 15599 MiB, 8612 MiB
2025/02/26 12:01:47.315, NVIDIA GeForce RTX 4090, 99 %, 56, 15368 MiB, 8843 MiB
2025/02/26 12:01:52.321, NVIDIA GeForce RTX 4090, 100 %, 66, 15599 MiB, 8612 MiB
2025/02/26 12:01:52.322, NVIDIA GeForce RTX 4090, 99 %, 57, 15368 MiB, 8843 MiB
2025/02/26 12:01:57.329, NVIDIA GeForce RTX 4090, 100 %, 66, 15599 MiB, 8612 MiB
2025/02/26 12:01:57.329, NVIDIA GeForce RTX 4090, 99 %, 57, 15368 MiB, 8843 MiB
2025/02/26 12:02:02.336, NVIDIA GeForce RTX 4090, 99 %, 67, 15599 MiB, 8612 MiB
2025/02/26 12:02:02.337, NVIDIA GeForce RTX 4090, 99 %, 58, 15368 MiB, 8843 MiB
2025/02/26 12:02:07.338, NVIDIA GeForce RTX 4090, 99 %, 68, 15599 MiB, 8612 MiB
2025/02/26 12:02:07.339, NVIDIA GeForce RTX 4090, 99 %, 59, 15368 MiB, 8843 MiB
2025/02/26 12:02:12.346, NVIDIA GeForce RTX 4090, 99 %, 67, 15599 MiB, 8612 MiB
2025/02/26 12:02:12.346, NVIDIA GeForce RTX 4090, 99 %, 57, 15368 MiB, 8843 MiB
2025/02/26 12:02:17.353, NVIDIA GeForce RTX 4090, 99 %, 67, 15599 MiB, 8612 MiB
2025/02/26 12:02:17.354, NVIDIA GeForce RTX 4090, 99 %, 58, 15368 MiB, 8843 MiB
2025/02/26 12:02:22.360, NVIDIA GeForce RTX 4090, 100 %, 67, 15599 MiB, 8612 MiB
2025/02/26 12:02:22.361, NVIDIA GeForce RTX 4090, 99 %, 58, 15368 MiB, 8843 MiB
2025/02/26 12:02:27.367, NVIDIA GeForce RTX 4090, 99 %, 67, 15599 MiB, 8612 MiB
2025/02/26 12:02:27.367, NVIDIA GeForce RTX 4090, 100 %, 58, 15368 MiB, 8843 MiB
2025/02/26 12:02:32.374, NVIDIA GeForce RTX 4090, 100 %, 67, 15599 MiB, 8612 MiB
2025/02/26 12:02:32.375, NVIDIA GeForce RTX 4090, 100 %, 58, 15368 MiB, 8843 MiB
2025/02/26 12:02:37.381, NVIDIA GeForce RTX 4090, 99 %, 67, 15599 MiB, 8612 MiB
2025/02/26 12:02:37.382, NVIDIA GeForce RTX 4090, 100 %, 58, 15368 MiB, 8843 MiB
2025/02/26 12:02:42.388, NVIDIA GeForce RTX 4090, 99 %, 68, 15599 MiB, 8612 MiB
2025/02/26 12:02:42.388, NVIDIA GeForce RTX 4090, 100 %, 59, 15368 MiB, 8843 MiB
2025/02/26 12:02:47.395, NVIDIA GeForce RTX 4090, 98 %, 67, 15599 MiB, 8612 MiB
2025/02/26 12:02:47.395, NVIDIA GeForce RTX 4090, 98 %, 57, 15368 MiB, 8843 MiB
2025/02/26 12:02:52.402, NVIDIA GeForce RTX 4090, 98 %, 66, 15599 MiB, 8612 MiB
2025/02/26 12:02:52.403, NVIDIA GeForce RTX 4090, 98 %, 57, 15368 MiB, 8843 MiB
2025/02/26 12:02:57.409, NVIDIA GeForce RTX 4090, 98 %, 66, 15599 MiB, 8612 MiB
2025/02/26 12:02:57.410, NVIDIA GeForce RTX 4090, 98 %, 57, 15368 MiB, 8843 MiB
2025/02/26 12:03:02.417, NVIDIA GeForce RTX 4090, 98 %, 66, 15599 MiB, 8612 MiB
2025/02/26 12:03:02.417, NVIDIA GeForce RTX 4090, 98 %, 57, 15368 MiB, 8843 MiB
2025/02/26 12:03:07.424, NVIDIA GeForce RTX 4090, 99 %, 68, 15599 MiB, 8612 MiB
2025/02/26 12:03:07.424, NVIDIA GeForce RTX 4090, 99 %, 59, 15368 MiB, 8843 MiB
2025/02/26 12:03:12.431, NVIDIA GeForce RTX 4090, 99 %, 67, 15599 MiB, 8612 MiB
2025/02/26 12:03:12.431, NVIDIA GeForce RTX 4090, 99 %, 59, 15368 MiB, 8843 MiB
2025/02/26 12:03:17.438, NVIDIA GeForce RTX 4090, 99 %, 67, 15599 MiB, 8612 MiB
2025/02/26 12:03:17.438, NVIDIA GeForce RTX 4090, 99 %, 58, 15368 MiB, 8843 MiB
2025/02/26 12:03:22.445, NVIDIA GeForce RTX 4090, 100 %, 66, 15599 MiB, 8612 MiB
2025/02/26 12:03:22.446, NVIDIA GeForce RTX 4090, 100 %, 58, 15368 MiB, 8843 MiB
2025/02/26 12:03:27.452, NVIDIA GeForce RTX 4090, 100 %, 66, 15599 MiB, 8612 MiB
2025/02/26 12:03:27.453, NVIDIA GeForce RTX 4090, 100 %, 57, 15368 MiB, 8843 MiB
2025/02/26 12:03:32.460, NVIDIA GeForce RTX 4090, 99 %, 67, 15599 MiB, 8612 MiB
2025/02/26 12:03:32.460, NVIDIA GeForce RTX 4090, 99 %, 58, 15368 MiB, 8843 MiB
2025/02/26 12:03:37.467, NVIDIA GeForce RTX 4090, 99 %, 67, 15599 MiB, 8612 MiB
2025/02/26 12:03:37.471, NVIDIA GeForce RTX 4090, 100 %, 58, 15368 MiB, 8843 MiB
2025/02/26 12:03:42.478, NVIDIA GeForce RTX 4090, 99 %, 67, 15599 MiB, 8612 MiB
2025/02/26 12:03:42.478, NVIDIA GeForce RTX 4090, 99 %, 58, 15368 MiB, 8843 MiB
2025/02/26 12:03:47.485, NVIDIA GeForce RTX 4090, 98 %, 67, 15599 MiB, 8612 MiB
2025/02/26 12:03:47.491, NVIDIA GeForce RTX 4090, 99 %, 58, 15368 MiB, 8843 MiB
2025/02/26 12:03:52.492, NVIDIA GeForce RTX 4090, 99 %, 67, 15599 MiB, 8612 MiB
2025/02/26 12:03:52.493, NVIDIA GeForce RTX 4090, 99 %, 58, 15368 MiB, 8843 MiB
2025/02/26 12:03:57.499, NVIDIA GeForce RTX 4090, 90 %, 65, 15599 MiB, 8612 MiB
2025/02/26 12:03:57.506, NVIDIA GeForce RTX 4090, 98 %, 55, 15368 MiB, 8843 MiB
2025/02/26 12:04:02.507, NVIDIA GeForce RTX 4090, 99 %, 66, 15599 MiB, 8612 MiB
2025/02/26 12:04:02.508, NVIDIA GeForce RTX 4090, 99 %, 57, 15368 MiB, 8843 MiB
2025/02/26 12:04:07.514, NVIDIA GeForce RTX 4090, 99 %, 67, 15599 MiB, 8612 MiB
2025/02/26 12:04:07.515, NVIDIA GeForce RTX 4090, 99 %, 58, 15368 MiB, 8843 MiB
2025/02/26 12:04:12.521, NVIDIA GeForce RTX 4090, 99 %, 66, 15599 MiB, 8612 MiB
2025/02/26 12:04:12.522, NVIDIA GeForce RTX 4090, 99 %, 57, 15368 MiB, 8843 MiB
2025/02/26 12:04:17.528, NVIDIA GeForce RTX 4090, 99 %, 66, 15599 MiB, 8612 MiB
2025/02/26 12:04:17.529, NVIDIA GeForce RTX 4090, 99 %, 58, 15368 MiB, 8843 MiB
2025/02/26 12:04:22.535, NVIDIA GeForce RTX 4090, 100 %, 66, 15599 MiB, 8612 MiB
2025/02/26 12:04:22.536, NVIDIA GeForce RTX 4090, 100 %, 57, 15368 MiB, 8843 MiB
2025/02/26 12:04:27.542, NVIDIA GeForce RTX 4090, 100 %, 66, 15599 MiB, 8612 MiB
2025/02/26 12:04:27.542, NVIDIA GeForce RTX 4090, 100 %, 57, 15368 MiB, 8843 MiB
2025/02/26 12:04:32.549, NVIDIA GeForce RTX 4090, 100 %, 66, 15599 MiB, 8612 MiB
2025/02/26 12:04:32.550, NVIDIA GeForce RTX 4090, 100 %, 58, 15368 MiB, 8843 MiB
2025/02/26 12:04:37.551, NVIDIA GeForce RTX 4090, 100 %, 67, 15599 MiB, 8612 MiB
2025/02/26 12:04:37.551, NVIDIA GeForce RTX 4090, 100 %, 59, 15368 MiB, 8843 MiB
2025/02/26 12:04:42.552, NVIDIA GeForce RTX 4090, 99 %, 67, 15599 MiB, 8612 MiB
2025/02/26 12:04:42.553, NVIDIA GeForce RTX 4090, 100 %, 58, 15368 MiB, 8843 MiB
2025/02/26 12:04:47.554, NVIDIA GeForce RTX 4090, 98 %, 65, 15599 MiB, 8612 MiB
2025/02/26 12:04:47.554, NVIDIA GeForce RTX 4090, 98 %, 57, 15368 MiB, 8843 MiB
2025/02/26 12:04:52.555, NVIDIA GeForce RTX 4090, 98 %, 66, 15599 MiB, 8612 MiB
2025/02/26 12:04:52.556, NVIDIA GeForce RTX 4090, 98 %, 57, 15368 MiB, 8843 MiB
2025/02/26 12:04:57.557, NVIDIA GeForce RTX 4090, 98 %, 66, 15599 MiB, 8612 MiB
2025/02/26 12:04:57.558, NVIDIA GeForce RTX 4090, 98 %, 58, 15368 MiB, 8843 MiB
2025/02/26 12:05:02.559, NVIDIA GeForce RTX 4090, 98 %, 67, 15599 MiB, 8612 MiB
2025/02/26 12:05:02.560, NVIDIA GeForce RTX 4090, 98 %, 59, 15368 MiB, 8843 MiB
2025/02/26 12:05:07.561, NVIDIA GeForce RTX 4090, 99 %, 66, 15599 MiB, 8612 MiB
2025/02/26 12:05:07.561, NVIDIA GeForce RTX 4090, 99 %, 58, 15368 MiB, 8843 MiB
2025/02/26 12:05:12.562, NVIDIA GeForce RTX 4090, 99 %, 66, 15599 MiB, 8612 MiB
2025/02/26 12:05:12.563, NVIDIA GeForce RTX 4090, 99 %, 58, 15368 MiB, 8843 MiB
2025/02/26 12:05:17.564, NVIDIA GeForce RTX 4090, 99 %, 66, 15599 MiB, 8612 MiB
2025/02/26 12:05:17.565, NVIDIA GeForce RTX 4090, 99 %, 57, 15368 MiB, 8843 MiB
2025/02/26 12:05:22.566, NVIDIA GeForce RTX 4090, 100 %, 66, 15599 MiB, 8612 MiB
2025/02/26 12:05:22.566, NVIDIA GeForce RTX 4090, 99 %, 58, 15368 MiB, 8843 MiB
2025/02/26 12:05:27.568, NVIDIA GeForce RTX 4090, 100 %, 67, 15599 MiB, 8612 MiB
2025/02/26 12:05:27.568, NVIDIA GeForce RTX 4090, 100 %, 58, 15368 MiB, 8843 MiB
2025/02/26 12:05:32.570, NVIDIA GeForce RTX 4090, 99 %, 67, 15599 MiB, 8612 MiB
2025/02/26 12:05:32.571, NVIDIA GeForce RTX 4090, 100 %, 59, 15368 MiB, 8843 MiB
2025/02/26 12:05:37.572, NVIDIA GeForce RTX 4090, 99 %, 67, 15599 MiB, 8612 MiB
2025/02/26 12:05:37.572, NVIDIA GeForce RTX 4090, 99 %, 58, 15368 MiB, 8843 MiB
2025/02/26 12:05:42.573, NVIDIA GeForce RTX 4090, 99 %, 65, 15599 MiB, 8612 MiB
2025/02/26 12:05:42.574, NVIDIA GeForce RTX 4090, 99 %, 56, 15368 MiB, 8843 MiB
2025/02/26 12:05:47.575, NVIDIA GeForce RTX 4090, 99 %, 66, 15599 MiB, 8612 MiB
2025/02/26 12:05:47.575, NVIDIA GeForce RTX 4090, 99 %, 57, 15368 MiB, 8843 MiB
2025/02/26 12:05:52.576, NVIDIA GeForce RTX 4090, 99 %, 67, 15599 MiB, 8612 MiB
2025/02/26 12:05:52.577, NVIDIA GeForce RTX 4090, 99 %, 58, 15368 MiB, 8843 MiB
2025/02/26 12:05:57.578, NVIDIA GeForce RTX 4090, 100 %, 67, 15599 MiB, 8612 MiB
2025/02/26 12:05:57.579, NVIDIA GeForce RTX 4090, 100 %, 58, 15368 MiB, 8843 MiB
2025/02/26 12:06:02.580, NVIDIA GeForce RTX 4090, 100 %, 67, 15599 MiB, 8612 MiB
2025/02/26 12:06:02.581, NVIDIA GeForce RTX 4090, 100 %, 58, 15368 MiB, 8843 MiB
2025/02/26 12:06:07.582, NVIDIA GeForce RTX 4090, 100 %, 66, 15599 MiB, 8612 MiB
2025/02/26 12:06:07.583, NVIDIA GeForce RTX 4090, 100 %, 58, 15368 MiB, 8843 MiB
2025/02/26 12:06:12.583, NVIDIA GeForce RTX 4090, 99 %, 66, 15599 MiB, 8612 MiB
2025/02/26 12:06:12.584, NVIDIA GeForce RTX 4090, 100 %, 57, 15368 MiB, 8843 MiB
2025/02/26 12:06:17.585, NVIDIA GeForce RTX 4090, 100 %, 67, 15599 MiB, 8612 MiB
2025/02/26 12:06:17.586, NVIDIA GeForce RTX 4090, 100 %, 58, 15368 MiB, 8843 MiB
2025/02/26 12:06:22.587, NVIDIA GeForce RTX 4090, 98 %, 67, 15599 MiB, 8612 MiB
2025/02/26 12:06:22.587, NVIDIA GeForce RTX 4090, 98 %, 59, 15368 MiB, 8843 MiB
2025/02/26 12:06:27.589, NVIDIA GeForce RTX 4090, 98 %, 68, 15599 MiB, 8612 MiB
2025/02/26 12:06:27.589, NVIDIA GeForce RTX 4090, 98 %, 59, 15368 MiB, 8843 MiB
2025/02/26 12:06:32.590, NVIDIA GeForce RTX 4090, 98 %, 66, 15599 MiB, 8612 MiB
2025/02/26 12:06:32.591, NVIDIA GeForce RTX 4090, 98 %, 57, 15368 MiB, 8843 MiB
2025/02/26 12:06:37.592, NVIDIA GeForce RTX 4090, 98 %, 66, 15599 MiB, 8612 MiB
2025/02/26 12:06:37.593, NVIDIA GeForce RTX 4090, 98 %, 57, 15368 MiB, 8843 MiB
2025/02/26 12:06:42.594, NVIDIA GeForce RTX 4090, 99 %, 66, 15599 MiB, 8612 MiB
2025/02/26 12:06:42.595, NVIDIA GeForce RTX 4090, 99 %, 58, 15368 MiB, 8843 MiB
2025/02/26 12:06:47.596, NVIDIA GeForce RTX 4090, 99 %, 67, 15599 MiB, 8612 MiB
2025/02/26 12:06:47.597, NVIDIA GeForce RTX 4090, 99 %, 58, 15368 MiB, 8843 MiB
2025/02/26 12:06:52.598, NVIDIA GeForce RTX 4090, 100 %, 67, 15599 MiB, 8612 MiB
2025/02/26 12:06:52.598, NVIDIA GeForce RTX 4090, 99 %, 59, 15368 MiB, 8843 MiB
2025/02/26 12:06:57.600, NVIDIA GeForce RTX 4090, 100 %, 66, 15599 MiB, 8612 MiB
2025/02/26 12:06:57.600, NVIDIA GeForce RTX 4090, 99 %, 58, 15368 MiB, 8843 MiB
2025/02/26 12:07:02.602, NVIDIA GeForce RTX 4090, 98 %, 67, 15599 MiB, 8612 MiB
2025/02/26 12:07:02.605, NVIDIA GeForce RTX 4090, 100 %, 57, 15368 MiB, 8843 MiB
2025/02/26 12:07:07.606, NVIDIA GeForce RTX 4090, 98 %, 66, 15599 MiB, 8612 MiB
2025/02/26 12:07:07.607, NVIDIA GeForce RTX 4090, 99 %, 57, 15368 MiB, 8843 MiB
2025/02/26 12:07:12.608, NVIDIA GeForce RTX 4090, 98 %, 67, 15599 MiB, 8612 MiB
2025/02/26 12:07:12.609, NVIDIA GeForce RTX 4090, 99 %, 58, 15368 MiB, 8843 MiB
2025/02/26 12:07:17.610, NVIDIA GeForce RTX 4090, 98 %, 68, 15599 MiB, 8612 MiB
2025/02/26 12:07:17.611, NVIDIA GeForce RTX 4090, 99 %, 59, 15368 MiB, 8843 MiB
2025/02/26 12:07:22.612, NVIDIA GeForce RTX 4090, 99 %, 69, 15599 MiB, 8612 MiB
2025/02/26 12:07:22.613, NVIDIA GeForce RTX 4090, 99 %, 59, 15368 MiB, 8843 MiB
2025/02/26 12:07:27.614, NVIDIA GeForce RTX 4090, 100 %, 66, 15599 MiB, 8612 MiB
2025/02/26 12:07:27.615, NVIDIA GeForce RTX 4090, 99 %, 56, 15368 MiB, 8843 MiB
2025/02/26 12:07:32.616, NVIDIA GeForce RTX 4090, 99 %, 66, 15599 MiB, 8612 MiB
2025/02/26 12:07:32.616, NVIDIA GeForce RTX 4090, 100 %, 57, 15368 MiB, 8843 MiB
2025/02/26 12:07:37.617, NVIDIA GeForce RTX 4090, 100 %, 67, 15599 MiB, 8612 MiB
2025/02/26 12:07:37.618, NVIDIA GeForce RTX 4090, 99 %, 58, 15368 MiB, 8843 MiB
2025/02/26 12:07:42.619, NVIDIA GeForce RTX 4090, 99 %, 68, 15599 MiB, 8612 MiB
2025/02/26 12:07:42.620, NVIDIA GeForce RTX 4090, 99 %, 59, 15368 MiB, 8843 MiB
2025/02/26 12:07:47.621, NVIDIA GeForce RTX 4090, 99 %, 67, 15599 MiB, 8612 MiB
2025/02/26 12:07:47.621, NVIDIA GeForce RTX 4090, 99 %, 58, 15368 MiB, 8843 MiB
2025/02/26 12:07:52.623, NVIDIA GeForce RTX 4090, 99 %, 68, 15599 MiB, 8612 MiB
2025/02/26 12:07:52.624, NVIDIA GeForce RTX 4090, 99 %, 58, 15368 MiB, 8843 MiB
2025/02/26 12:07:57.625, NVIDIA GeForce RTX 4090, 99 %, 67, 15599 MiB, 8612 MiB
2025/02/26 12:07:57.626, NVIDIA GeForce RTX 4090, 99 %, 57, 15368 MiB, 8843 MiB
2025/02/26 12:08:02.628, NVIDIA GeForce RTX 4090, 100 %, 67, 15599 MiB, 8612 MiB
2025/02/26 12:08:02.628, NVIDIA GeForce RTX 4090, 99 %, 58, 15368 MiB, 8843 MiB
2025/02/26 12:08:07.630, NVIDIA GeForce RTX 4090, 100 %, 68, 15599 MiB, 8612 MiB
2025/02/26 12:08:07.630, NVIDIA GeForce RTX 4090, 100 %, 58, 15368 MiB, 8843 MiB
2025/02/26 12:08:12.631, NVIDIA GeForce RTX 4090, 100 %, 68, 15599 MiB, 8612 MiB
2025/02/26 12:08:12.632, NVIDIA GeForce RTX 4090, 100 %, 59, 15368 MiB, 8843 MiB
2025/02/26 12:08:17.634, NVIDIA GeForce RTX 4090, 100 %, 67, 15599 MiB, 8612 MiB
2025/02/26 12:08:17.634, NVIDIA GeForce RTX 4090, 100 %, 58, 15368 MiB, 8843 MiB
2025/02/26 12:08:22.636, NVIDIA GeForce RTX 4090, 100 %, 67, 15599 MiB, 8612 MiB
2025/02/26 12:08:22.637, NVIDIA GeForce RTX 4090, 99 %, 57, 15368 MiB, 8843 MiB
2025/02/26 12:08:27.638, NVIDIA GeForce RTX 4090, 98 %, 66, 15599 MiB, 8612 MiB
2025/02/26 12:08:27.639, NVIDIA GeForce RTX 4090, 100 %, 57, 15368 MiB, 8843 MiB
2025/02/26 12:08:32.640, NVIDIA GeForce RTX 4090, 98 %, 67, 15599 MiB, 8612 MiB
2025/02/26 12:08:32.640, NVIDIA GeForce RTX 4090, 98 %, 58, 15368 MiB, 8843 MiB
2025/02/26 12:08:37.642, NVIDIA GeForce RTX 4090, 98 %, 68, 15599 MiB, 8612 MiB
2025/02/26 12:08:37.643, NVIDIA GeForce RTX 4090, 98 %, 58, 15368 MiB, 8843 MiB
2025/02/26 12:08:42.644, NVIDIA GeForce RTX 4090, 98 %, 68, 15599 MiB, 8612 MiB
2025/02/26 12:08:42.645, NVIDIA GeForce RTX 4090, 98 %, 58, 15368 MiB, 8843 MiB
2025/02/26 12:08:47.646, NVIDIA GeForce RTX 4090, 99 %, 67, 15599 MiB, 8612 MiB
2025/02/26 12:08:47.647, NVIDIA GeForce RTX 4090, 99 %, 58, 15368 MiB, 8843 MiB
2025/02/26 12:08:52.649, NVIDIA GeForce RTX 4090, 98 %, 67, 15599 MiB, 8612 MiB
2025/02/26 12:08:52.649, NVIDIA GeForce RTX 4090, 99 %, 58, 15368 MiB, 8843 MiB
2025/02/26 12:08:59.455, NVIDIA GeForce RTX 4090, 0 %, 59, 15599 MiB, 8612 MiB
2025/02/26 12:08:59.460, NVIDIA GeForce RTX 4090, 0 %, 49, 15368 MiB, 8843 MiB
2025/02/26 12:09:04.465, NVIDIA GeForce RTX 4090, 0 %, 58, 15599 MiB, 8612 MiB
2025/02/26 12:09:04.465, NVIDIA GeForce RTX 4090, 100 %, 46, 15368 MiB, 8843 MiB
2025/02/26 12:09:09.466, NVIDIA GeForce RTX 4090, 0 %, 57, 15599 MiB, 8612 MiB
2025/02/26 12:09:09.467, NVIDIA GeForce RTX 4090, 100 %, 45, 15368 MiB, 8843 MiB
2025/02/26 12:09:14.468, NVIDIA GeForce RTX 4090, 0 %, 56, 15599 MiB, 8612 MiB
2025/02/26 12:09:14.468, NVIDIA GeForce RTX 4090, 100 %, 44, 15368 MiB, 8843 MiB
2025/02/26 12:09:19.469, NVIDIA GeForce RTX 4090, 0 %, 55, 15599 MiB, 8612 MiB
2025/02/26 12:09:19.470, NVIDIA GeForce RTX 4090, 100 %, 44, 15368 MiB, 8843 MiB
2025/02/26 12:09:24.471, NVIDIA GeForce RTX 4090, 0 %, 54, 15599 MiB, 8612 MiB
2025/02/26 12:09:24.471, NVIDIA GeForce RTX 4090, 100 %, 43, 15368 MiB, 8843 MiB
2025/02/26 12:09:29.473, NVIDIA GeForce RTX 4090, 0 %, 53, 15599 MiB, 8612 MiB
2025/02/26 12:09:29.473, NVIDIA GeForce RTX 4090, 100 %, 42, 15368 MiB, 8843 MiB
                                                                                     